Timestamp,Title,Description,Label
2025-07-02 05:34:44,5 Tips to Quickly Improve Focus &amp; Concentration,"Please watch: ""The BEST Fat Loss Supplement in 2025"" https://www.youtube.com/watch?v=z8k-9P41A5U --~-- Andrew ...",Mindful
2025-07-02 05:34:44,6 ADHD techniques to help you FOCUS,Thank you xTiles for partnering with me on this video. Click the link to try it out for yourself today! I hope it helps!,Mindful
2025-07-02 05:34:44,Neuroscientist: How To Boost Your Focus PERMANENTLY in Minutes,"Please watch: ""The BEST Fat Loss Supplement in 2025"" https://www.youtube.com/watch?v=z8k-9P41A5U --~-- Andrew ...",Mindful
2025-07-02 05:34:44,How to Focus While Studying,Join my Discord server: https://discord.gg/gohar I'll edit your college essay: https://nextadmit.com/services/essay/ Get into ...,Mindless
2025-07-02 05:34:44,Can&#39;t focus? The SECRET to study with LASER FOCUS,My free time log workbook : https://wamy.ck.page/timelog What was your favorite tip? :o Love all of you lovely peeps *finger ...,Mindful
2025-07-02 05:35:08,5 Tips to Quickly Improve Focus &amp; Concentration,"Please watch: ""The BEST Fat Loss Supplement in 2025"" https://www.youtube.com/watch?v=z8k-9P41A5U --~-- Andrew ...",Mindful
2025-07-02 05:35:08,6 ADHD techniques to help you FOCUS,Thank you xTiles for partnering with me on this video. Click the link to try it out for yourself today! I hope it helps!,Mindful
2025-07-02 05:35:08,Neuroscientist: How To Boost Your Focus PERMANENTLY in Minutes,"Please watch: ""The BEST Fat Loss Supplement in 2025"" https://www.youtube.com/watch?v=z8k-9P41A5U --~-- Andrew ...",Mindful
2025-07-02 05:35:08,How to Focus While Studying,Join my Discord server: https://discord.gg/gohar I'll edit your college essay: https://nextadmit.com/services/essay/ Get into ...,Mindless
2025-07-02 05:35:08,Can&#39;t focus? The SECRET to study with LASER FOCUS,My free time log workbook : https://wamy.ck.page/timelog What was your favorite tip? :o Love all of you lovely peeps *finger ...,Mindful
